id,gamma_0,gamma_1,gamma_2,gamma_3,gamma_4,beta_0,beta_1,beta_2,beta_3,beta_4
0,-0.654211401939,0.628600656986,-1.110047340393,1.243277788162,-1.241758704185,1.585566997528,-0.582631707191,1.572457075119,0.331607043743,-0.123736657202
1,-0.584577381611,0.571184158325,-0.990907788277,1.131597518921,1.148832321167,1.576422572136,-0.602662324905,1.578224420547,0.378491073847,0.136333137751
2,-0.703150868416,0.699957489967,-0.331477820873,1.423227310181,-1.403504729271,1.564209818840,-0.732558012009,-0.237873613834,1.552854299545,-0.303271949291
3,-0.564704596996,0.567808687687,-0.255135595798,1.450797915459,-1.088903188705,1.567545533180,0.979317724705,-0.085542567074,1.559226512909,-1.243118524551
4,-0.532095491886,0.570455312729,0.240087479353,1.120065927505,-1.071101784706,1.564070940018,0.698154687881,0.257408618927,1.539695620537,-1.255170583725
5,-0.479555606842,0.486365646124,0.678379416466,0.984005987644,-0.647790551186,1.576870799065,0.794319033623,0.190127879381,1.575326323509,-1.410832762718
6,-0.640891730785,0.634147644043,1.223423361778,-1.171113848686,-0.880619227886,1.574210047722,0.940169274807,1.599191188812,1.890065312386,-0.097664058208
7,-0.568015098572,0.613594472408,0.237542986870,1.171894192696,-1.189041376114,1.562850832939,0.764851689339,0.297997146845,1.542810916901,-1.265628695488
8,-0.521244585514,0.571515798569,-3.896166086197,0.256890922785,-5.455228328705,1.585237026215,3.834686756134,-1.835846304893,1.976735472679,-3.357979774475
9,-0.588763952255,0.584360659122,-1.062869787216,1.196343898773,0.869927823544,1.569093942642,-0.644290983677,1.570753455162,0.355258643627,0.153249338269
10,0.567706227303,-0.551718592644,-2.331022500992,2.770656347275,1.050219893456,1.567538022995,0.780257999897,-1.530889630318,3.435706853867,-6.092670440674
11,-0.655593156815,0.345249176025,0.292699187994,1.302272439003,-1.272714376450,1.570956349373,0.031289927661,0.864978909492,1.574422597885,-1.223387122154
12,-0.461547255516,0.485849231482,1.829493999481,0.907916247845,-1.004226803780,1.569582343102,0.775281429291,1.082957744598,1.571908116341,-0.484811544418
13,0.204457372427,0.509849309921,0.316448032856,0.484792053699,1.262309908867,0.300836712122,0.323190689087,0.475825667381,0.185736998916,0.141581341624
14,-0.599295258522,0.639219582081,-0.140839740634,1.229194521904,-1.027712583542,1.570339202881,-0.426333129406,1.367134928703,1.579626560211,-1.267939209938
15,-0.813739717007,0.824727475643,-0.225387826562,1.641312837601,-1.304793834686,1.566216468811,-0.621330022812,1.443415880203,1.564361691475,-1.220241546631
16,-0.768101871014,0.762534499168,-1.465997576714,1.555184721947,0.923943877220,1.576510906219,-0.688206255436,1.589645266533,0.330749899149,0.133035391569
17,-0.463614612818,0.474776625633,0.353470146656,0.933092474937,-0.916657567024,1.577753067017,0.817189395428,0.416627675295,1.571270346642,-1.173940777779
18,0.616480350494,-0.592798471451,-1.256242990494,1.080321192741,-3.455530405045,1.560412049294,-0.947281241417,1.589500069618,-0.302742272615,-1.371799945831
19,-0.675726354122,0.691330254078,1.235908150673,-1.388990998268,0.321172147989,1.576547384262,-0.918970584869,1.619801402092,1.064744114876,-1.368584275246
20,-0.556843578815,0.541112482548,-0.464099377394,1.610767364502,-1.043238043785,1.576570153236,0.996235132217,-0.066448323429,1.574814677238,-1.301404237747
21,-0.607402265072,0.588423430920,1.840569734573,-0.642335355282,-1.061492204666,1.575897097588,0.934283018112,-3.251433849335,4.738214969635,-1.270622134209
22,0.671667337418,-0.680861592293,-1.467458486557,1.547042727470,-3.141028404236,1.574254274368,0.858461022377,1.558961629868,1.876605868340,-1.425951838493
23,-0.728600859642,0.777374804020,-0.099787361920,1.375036358833,-1.528079032898,1.569228172302,-0.527387619019,-0.427640795708,1.583525300026,-0.279562920332
24,-0.446474701166,0.536914408207,0.298180073500,-0.991764128208,0.995531618595,1.559634327888,0.721574783325,1.896062850952,1.612063169479,0.342229723930
25,-0.517350614071,0.530750870705,-0.165352940559,0.687484741211,1.924700021744,1.595140337944,-0.580612838268,1.267613053322,3.347263813019,-2.950795173645
26,-0.609014630318,0.601995527744,-0.475622206926,1.072911381721,-1.260895967484,1.569503307343,-0.774895966053,-0.305352479219,-4.684199333191,-0.277671277523
27,-0.210380062461,-0.588454782963,0.177319407463,-1.136973142624,-3.702324867249,2.833563089371,-1.193354487419,2.169731140137,0.125261217356,-1.723307132721
28,0.186568886042,0.461690217257,0.325942426920,0.524702250957,0.966356158257,0.325381577015,0.350068181753,0.421266257763,0.235642120242,0.129226371646
29,-0.627856135368,0.581578433514,0.121583469212,1.329685449600,-1.086255192757,1.566222429276,0.601005613804,0.344822973013,1.563246130943,-1.318819880486
30,-0.583798646927,0.556043326855,1.086834907532,-0.927963018417,0.791759133339,-1.567852139473,1.002518773079,1.571020245552,1.877942085266,-3.002174615860
31,-0.630923211575,0.664708554745,-1.371899724007,1.245432972908,-3.552685260773,1.571525931358,0.626132130623,-1.564676403999,1.295567512512,-3.315312862396
32,-0.663286387920,0.640134215355,-1.290663957596,1.324126362801,0.636428236961,1.572669982910,-0.628454089165,1.569582581520,1.804120182991,-1.421227335930
33,0.221698209643,0.539851367474,0.297985404730,0.805061817169,1.407660365105,0.302348494530,0.406916439533,0.437654465437,0.221001729369,0.185646995902
34,-0.577157676220,0.589140236378,-0.594956457615,1.795641422272,-1.242152333260,1.567690014839,0.934287250042,-0.059596091509,1.585986256599,-1.258995532990
35,-0.465622395277,0.440997242928,-0.363828271627,0.887116014957,-0.936677336693,1.565626978874,0.826419770718,1.281825542450,-1.580976843834,-0.298350691795
36,-0.618824362755,0.575591862202,-0.249024003744,1.240271925926,-1.159889340401,1.570242285728,0.808483481407,1.262442350388,1.579142570496,-0.317565470934
37,-0.699205577374,0.688853204250,-1.173924207687,1.286558866501,0.638518035412,1.572163581848,-0.618729531765,1.562832236290,0.296730995178,0.132255256176
38,-0.489369213581,0.427869349718,-0.377121329308,1.765892505646,-1.953103303909,1.587317585945,0.853847801685,1.262807607651,1.444886207581,0.197914034128
39,-0.621932625771,0.590999066830,-1.115023374557,1.223569989204,-2.868679285049,1.576344728470,-0.626446247101,1.555206656456,0.303530901670,-0.164795443416
40,-0.385540723801,0.450831323862,0.339368104935,0.859845817089,-0.896629691124,1.563790559769,0.702377557755,0.389991760254,1.558375358582,-1.155162930489
41,-0.672317624092,0.668820500374,1.353681206703,-1.165082097054,0.929912805557,1.569719076157,0.965421855450,1.533235430717,-1.197834849358,0.159032329917
42,-0.604910314083,0.580386877060,-1.040169477463,1.166546463966,0.785970985889,1.577978610992,-0.650116503239,1.571674108505,0.321734458208,0.129182219505
43,-0.503469824791,0.540784537792,0.238332405686,1.025610566139,-0.985288798809,1.581388711929,0.757031619549,0.393742412329,1.560937881470,-1.192578792572
44,-0.735538840294,0.745299041271,-1.357101917267,1.302420973778,-0.457167446613,1.579631686211,0.621361315250,1.598337292671,1.323878169060,-3.261277198792
45,-0.570909559727,0.563906371593,-1.220090389252,1.234974741936,2.576604127884,1.581062674522,-0.673279881477,-1.582853436470,1.861612915993,-1.475673794746
46,-0.567817032337,0.517759144306,-0.332905679941,1.065753459930,-1.107052564621,1.562629699707,0.855542242527,1.250593304634,1.559538602829,-0.336366117001
47,-0.481535434723,0.543070912361,0.382489502430,1.031058073044,-1.011211991310,1.566782951355,0.704175233841,0.277684360743,1.547067284584,-1.237162232399
48,-0.520831942558,0.501854360104,-0.980560541153,-1.018051147461,0.989689350128,1.572960853577,0.771853506565,-0.273546814919,1.580546379089,-1.833665609360
49,-0.437031716108,0.484374821186,0.362669348717,0.956404268742,-0.975866436958,1.574693322182,0.740048229694,0.407578378916,1.560903668404,-1.173082470894
50,-0.591211974621,0.598270595074,-1.379612326622,2.581588029861,-1.198701024055,1.565646290779,0.951986372471,-0.055172100663,1.565469026566,-1.278818011284
51,-0.654499411583,0.661258935928,-0.311824828386,1.703028440475,-1.340162277222,1.563376307487,0.890054464340,-0.096691325307,1.569770812988,-1.202130556107
52,-0.393353074789,0.409392207861,0.430730789900,0.898407697678,1.015572786331,1.581823468208,0.775373876095,0.197314336896,0.151135951281,0.126819550991
53,-0.618773639202,0.645901679993,-0.153907388449,1.327986836433,-0.858048081398,1.568710803986,-0.556116878986,1.390883088112,1.549832344055,-1.299070239067
54,-0.508983373642,0.531534254551,0.199045479298,1.147030711174,-0.909732878208,1.570541262627,0.626236081123,0.372254788876,1.558180451393,-1.256053328514
55,-0.668204545975,0.701316177845,-0.179932922125,1.622195243835,-1.438707113266,1.570475339890,1.048797011375,-0.150906085968,1.619661331177,-1.273948311806
56,0.693693637848,-0.482814401388,-0.192855238914,1.774842977524,-3.345682621002,1.573190212250,1.354519605637,-0.636419832706,2.911180734634,-1.390689134598
57,-0.655070006847,0.653087019920,-1.184093475342,1.216647028923,0.487327754498,1.567559123039,-0.595566987991,1.561786413193,0.274825841188,0.086942575872
58,-0.534809470177,0.547578394413,0.331309020519,0.987723052502,-1.103320240974,1.567550301552,0.760285019875,0.196607530117,1.574237585068,-1.263780117035
59,-0.902979552746,0.655395269394,0.228002235293,2.291864395142,-1.059733986855,1.569267392159,-1.347560763359,0.660625755787,1.745190143585,0.076305672526
60,-0.613439440727,0.619106829166,-1.240436911583,1.203037858009,-2.972097635269,1.566551923752,3.875205039978,-1.576593279839,-3.542476177216,-4.637330532074
61,-0.662111938000,0.719378650188,0.193252250552,1.429624915123,-1.293275117874,1.580426692963,0.650960981846,0.334384232759,1.574734568596,-1.250837445259
62,-0.488661855459,0.521575987339,0.326675653458,0.839454948902,-3.201495647430,1.571733236313,-2.439831495285,0.162371933460,1.600339770317,-1.756647109985
63,-0.675876736641,0.652031421661,-1.218479633331,1.385224819183,-0.121605426073,1.574622869492,-0.646202206612,-1.586490988731,2.245286941528,-1.941826105118
64,-0.556630253792,0.581209182739,-0.109698876739,1.105011940002,-1.200089812279,1.574251532555,0.964562177658,1.192565083504,1.576436281204,-0.304039329290
65,-0.463755160570,0.488455027342,0.453048974276,1.039034008980,-0.467186838388,1.572818994522,0.780006945133,0.237182751298,1.512522459030,-1.316852927208
66,-0.616778552532,0.641562521458,1.355177998543,-1.146602749825,0.869290947914,1.572867035866,0.831265449524,1.585894584656,1.951328277588,0.178269699216
67,-0.606538236141,0.565296053886,0.262673616409,1.446252584457,-1.045608401299,1.561664700508,0.625243127346,0.379601567984,1.532355546951,-1.340173125267
68,-0.509892284870,0.516622781754,0.242371261120,1.049641728401,-0.946036338806,1.562619566917,0.735121071339,0.261322855949,1.556141734123,-1.283697247505
69,-0.256140977144,-0.723677217960,0.166400939226,2.727858304977,2.267589330673,-0.276968955994,-1.174900174141,2.142316818237,-1.788421750069,2.957988977432
70,-0.503747820854,0.525044798851,0.256379872561,1.147037029266,-0.820556700230,1.577917456627,0.665393650532,0.337035000324,1.545911431313,-1.301002860069
71,0.514983177185,-0.534260809422,-0.317972898483,1.054343342781,-1.087348103523,1.568493366241,-0.759491145611,1.222880840302,1.559043288231,-0.356974780560
72,-0.473989576101,0.460099250078,-0.333522707224,1.962628602982,-1.103568553925,1.578282475471,0.849160194397,1.404392600060,-0.168425932527,-1.488223910332
73,-0.671562790871,0.662447869778,1.271405816078,-1.350875139236,-1.155804753304,1.578225493431,2.306395769119,1.583387255669,2.720501184464,-0.103402137756
74,-0.621972680092,0.639857470989,-0.200290590525,-1.417602062225,1.121828079224,1.567356705666,0.965373694897,-0.384215205908,-1.562308549881,-5.003298282623
75,-0.743495047092,0.740550160408,3.165353059769,-1.268598914146,1.767348289490,1.573186159134,-2.383548974991,1.826365590096,1.529990434647,0.254796564579
76,-0.604136049747,0.601675033569,0.190077081323,1.206926584244,-1.132793188095,1.568447828293,0.730633258820,0.191563472152,1.549714446068,-1.278940320015
77,-0.615481853485,0.638301432133,-1.310366272926,1.146091818810,0.319625943899,1.573791146278,0.638310074806,1.581181049347,-0.512498974800,-1.351039886475
78,-2.622031211853,1.332186579704,-3.410980463028,4.718160629272,0.529591679573,-1.571847438812,1.569919109344,-1.567720890045,-7.025156497955,-3.307015895844
79,0.674574077129,-0.656845092773,-0.215644136071,1.273271322250,-1.354976654053,1.566748142242,0.860615313053,-0.328398674726,1.558617711067,-0.278071731329
80,-0.574853897095,0.549142062664,2.190154552460,1.613252282143,-1.166803836823,1.584336757660,0.801955163479,1.683265209198,1.597055673599,-2.980840921402
81,-0.493569254875,0.445124924183,-0.799067735672,0.865343868732,-0.980156064034,4.726606845856,-0.740664839745,-0.320875912905,1.572731971741,-0.346694499254
82,-0.675771236420,0.666443169117,-1.279529929161,1.349608659744,-1.088718414307,1.563276410103,-0.666410684586,1.561121344566,1.948689699173,-1.700060367584
83,-0.623971045017,0.607489645481,-1.138410806656,1.240429520607,-1.319597840309,1.575830698013,-0.627043604851,1.594048261642,1.869514346123,-1.455833077431
84,1.485885739326,-0.072815306485,-1.488707065582,9.902871131897,-9.974612236023,4.683089256287,1.617088079453,-0.638050615788,1.570766925812,-3.900944709778
85,-0.801943361759,0.808447062969,0.190603792667,1.726710796356,-1.471596717834,1.577928423882,0.611447393894,0.345281898975,1.565184116364,-1.270154237747
86,0.523682594299,-0.508474946022,0.618564665318,1.261392116547,-3.373882293701,1.562760472298,2.313265323639,0.229186251760,0.157874196768,-0.129257723689
87,-0.692277848721,0.680316984653,1.482383251190,-1.341273903847,2.555206060410,1.575142264366,0.917231321335,1.572408676147,1.944904327393,0.163267388940
88,-0.460389107466,0.369551509619,-0.429638534784,-1.142005801201,-1.140684485435,1.585405945778,0.896763563156,-0.300011694431,2.944951295853,-0.187084525824
89,0.550485312939,-0.570776104927,0.304811090231,-1.344871163368,5.262150287628,1.576088309288,6.922520637512,4.887887477875,-1.687604546547,-1.807720422745
90,-0.730028271675,0.702642679214,0.325280368328,1.292411327362,-1.570621848106,1.560008645058,0.546700835228,0.134163975716,1.581277132034,-1.111523628235
91,0.480091989040,-0.442054510117,0.477293133736,0.803622126579,0.966747999191,1.564829349518,-0.801415801048,0.213311389089,0.098150812089,0.125635191798
92,-0.571693062782,0.575493454933,-1.142398118973,1.114967226982,-0.947260200977,1.570554018021,0.619758963585,1.571275353432,1.211381673813,-0.077508121729
93,0.200329408050,0.519395887852,-0.187402442098,-0.628180146217,5.468966960907,-2.819360256195,1.264080286026,-0.645954847336,1.399751782417,-1.716127276421
94,0.602576911449,-0.523556947708,-0.361434429884,1.342562556267,0.937153398991,1.571065068245,0.928862690926,1.338878035545,3.364824295044,0.215168014169
95,-0.692296445370,0.675862193108,-1.264072060585,1.376527070999,1.205438733101,1.571891665459,2.522818565369,1.564976453781,0.349486142397,-3.044066905975
96,0.540768623352,-0.507847189903,0.510326802731,-4.994898319244,-1.200127482414,1.571784377098,2.298795223236,3.289299488068,2.936603069305,-0.159308880568
97,-0.601937234402,0.576327562332,0.195259079337,1.371408700943,-1.049691438675,1.585596442223,0.616286039352,0.299355119467,1.572147488594,-1.320179581642
98,-0.618399560452,0.616285324097,1.225797057152,-1.270648837090,0.768727600574,1.572900533676,-0.967660427094,1.576949477196,1.198819518089,-1.479578137398
99,-0.531888782978,0.559501707554,0.349793106318,1.224295854568,-0.956795513630,1.561614274979,0.716576695442,0.252392202616,1.604685902596,-1.338988184929
100,-0.448332935572,0.386669069529,-0.393235772848,1.818264842033,-2.723875522614,1.593965172768,-2.251246690750,-0.224629819393,6.424815177917,-0.148325875401
101,-0.598782360554,0.612857103348,-0.222011879086,1.230658173561,-0.857724547386,1.572660446167,-0.509998440742,1.431744933128,1.566175937653,-1.291254878044
102,-0.751955151558,0.749666452408,-1.407004475594,1.462395548820,1.359962940216,1.565577387810,-0.648458182812,1.558519005775,0.330734044313,0.144725978374
103,0.505281329155,-0.542700469494,-0.245049580932,0.954903960228,-1.006544709206,1.570817232132,-0.710272669792,1.190731644630,1.546594023705,-0.373116344213
104,-0.638942658901,0.690620660782,-0.277761310339,7.438651084900,1.044387817383,-1.562949299812,5.686622142792,-0.304103910923,4.518924713135,2.968875646591
105,0.558096110821,-0.603323698044,-0.805879175663,1.152388572693,-0.063873119652,1.567279577255,1.009134531021,1.533243060112,0.932737052441,-0.684373021126
106,-0.568001687527,0.605705857277,0.453592985868,1.171226978302,-0.725191473961,1.561944961548,0.734653830528,0.197951093316,1.479573488235,-1.321727395058
107,-0.446679472923,0.513827562332,0.291503876448,1.003193140030,-0.895449221134,1.571696639061,0.690580606461,0.317645996809,1.545041084290,-1.245723485947
108,0.788705289364,-0.689871788025,0.229896590114,1.390260577202,-1.224343061447,1.584707379341,-2.540726184845,1.889104723930,1.541153311729,-4.394338607788
109,-0.347281694412,0.445152908564,0.330948531628,0.668833673000,-0.089449547231,1.584627747536,0.493734121323,0.327279746532,0.942580401897,-0.736560881138
110,-0.510909914970,0.503000259399,-0.359222024679,1.023515582085,-0.998851060867,1.577959537506,0.815639555454,-0.340214937925,1.624131202698,-1.893453836441
111,-0.505749583244,0.514195144176,0.659289956093,0.982115089893,-0.943282186985,1.567681550980,0.822818517685,0.496665954590,1.553709745407,-1.102640032768
112,-0.442262798548,0.411208033562,-0.267550051212,2.560108184814,2.812214136124,4.744353771210,0.908592522144,-1.778656363487,1.340917706490,0.179302051663
113,-0.635629236698,0.642986059189,-1.732031345367,3.104300022125,-1.227648854256,1.571159124374,0.888767778873,3.021517992020,1.557674169540,-1.284078121185
114,-0.545538663864,0.540877223015,0.456585764885,1.112327933311,-1.060149073601,1.569747447968,0.804917991161,0.353540956974,1.591167807579,-1.243794798851
115,-0.755240976810,0.769872069359,-1.552141070366,1.555801868439,-0.337364524603,1.578459262848,0.639826536179,1.554995059967,-0.239768847823,1.438460707664
116,-0.632645010948,0.634260177612,-1.198195219040,1.323396921158,1.023846983910,1.583849430084,-0.697871208191,1.551711797714,0.355822741985,0.116407461464
117,-0.654128670692,0.715912878513,0.297291100025,1.343992710114,-1.348939776421,1.569197773933,0.685399532318,0.361370623112,1.532545447350,-1.178784251213
118,-0.599524199963,0.622960627079,-1.267419815063,1.206959724426,-3.243113279343,1.564721822739,0.563378334045,-1.556724905968,1.216598391533,-6.443732261658
119,-0.431234627962,0.485023885965,0.324239403009,0.897166550159,-0.984717428684,1.565959215164,0.741000115871,0.305544108152,1.562615752220,-1.258530139923
120,0.251437872648,0.628964304924,0.311787903309,0.881430804729,1.359545707703,0.284603804350,0.429461866617,0.440441697836,0.173436388373,0.155988827348
121,-0.637082636356,0.672584950924,0.275146603584,1.303621053696,-1.223640561104,1.576921582222,0.800584971905,0.396416455507,1.518829345703,-1.199462771416
122,-0.210523366928,-0.587190091610,-0.375194996595,2.022642135620,-2.204427719116,2.857324123383,-0.259536415339,1.022192120552,1.602930426598,-2.707484006882
123,-0.685635268688,0.900779545307,-0.184206724167,1.587694406509,-0.902623593807,1.578434824944,-0.379692494869,1.026404738426,1.475039720535,-1.203852653503
124,-0.599652647972,0.558572649956,0.196311488748,1.271549582481,-1.149252057076,1.572110891342,0.642976164818,0.300616949797,1.603288531303,-1.295419931412
125,0.253918170929,0.374548882246,0.414185762405,0.833721637726,0.984601438046,0.392304897308,0.477854579687,0.341070592403,0.210046976805,0.194272726774
126,-0.437146842480,0.519172430038,0.268923610449,0.964118659496,-0.907340407372,1.584320902824,0.703620731831,0.335470199585,1.549965620041,-1.285940527916
127,-0.640356302261,0.661989212036,-1.160930037498,1.119454264641,0.685500919819,1.568089246750,0.620117068291,1.552363514900,1.201373934746,0.147662952542
128,-0.662776291370,0.662098288536,-0.350892037153,-1.342216491699,1.302921175957,1.567665815353,-0.748928189278,1.294460773468,1.554091811180,-1.851719498634
129,-0.625026524067,0.637445390224,0.931609928608,3.017125606537,-2.305248737335,1.580551862717,0.762643277645,0.102144457400,1.762163519859,-1.445371031761
130,-0.679128050804,0.704800009727,0.737380981445,1.322407960892,-1.253492474556,1.560171008110,0.742164671421,2.743166923523,4.754353523254,-5.129899978638
131,-0.538206756115,0.551521539688,0.377669543028,1.091218352318,-1.056680083275,1.568549990654,0.793236434460,0.357230246067,1.580905556679,-1.229706645012
132,-0.498553574085,0.443717420101,-0.320663630962,0.948058605194,-0.951083838940,1.574680447578,0.839958488941,1.244822144508,1.554881453514,-0.352465122938
133,-0.520962655544,0.416317254305,-0.368016570807,0.109175696969,4.249779701233,1.578946709633,1.033612608910,2.367723226547,2.076477766037,-1.389727115631
134,-0.506236135960,0.525632143021,2.493406057358,1.019905209541,-0.734974741936,1.579662680626,0.774762868881,0.349250108004,1.579320192337,-1.259471178055
135,-0.458257257938,0.460564464331,5.549879074097,0.877371251583,-0.903287231922,1.572006702423,0.802763223648,-0.250766038895,1.582285642624,-1.808133244514
136,-0.646205604076,0.634805440903,-1.259596467018,1.330880641937,-0.794090092182,1.565775990486,2.571976900101,1.553246259689,1.952840328217,-1.700363636017
137,-0.607064664364,0.602753698826,3.896007537842,-2.040522575378,-2.079365253448,1.574275493622,2.345816850662,1.513188838959,0.076466582716,-2.889789342880
138,0.639192998409,-0.675997793674,-0.821386694908,-0.538995862007,-3.600632190704,1.604723811150,0.812052130699,1.539580821991,1.457201719284,-1.764861941338
139,-0.595021903515,0.645648241043,0.259877681732,1.224948048592,-1.185033321381,1.565596818924,0.751219809055,0.269270300865,1.531882047653,-1.274997472763
140,-0.508740544319,0.547908902168,0.556349873543,1.426100015640,-0.148606821895,1.587149739265,0.826296150684,0.182148501277,1.231666684151,-1.082937002182
141,0.508446335793,-0.514124095440,0.341149657965,4.529061317444,-7.378019809723,1.566403388977,3.881845712662,1.704015254974,1.790948033333,-1.743824005127
142,-0.537839770317,0.583044946194,0.292677849531,1.153920054436,-1.033105850220,1.560680627823,0.706232845783,0.284944236279,1.554334163666,-1.268518447876
143,-0.484674125910,0.495174229145,0.318026661873,1.063698768616,-0.628332257271,1.572731137276,0.743338763714,0.237395256758,1.554610610008,-1.372186303139
144,-0.789345562458,0.793533205986,-1.338604927063,1.414312958717,-0.903051912785,1.575397849083,-0.629477202892,1.557760834694,0.316077589989,-0.135962426662
145,-0.645261585712,0.650549590588,0.226444974542,1.299953103065,-1.342211961746,1.565319299698,0.672666490078,0.256978631020,1.609382629395,-1.228193402290
146,0.205049023032,0.624503374100,0.523936212063,0.347339004278,2.260640621185,0.276200294495,0.205446839333,0.455848634243,0.309331774712,0.154786825180
147,-0.539482593536,0.578096985817,0.331123232841,1.095139265060,-1.214512228966,1.571763873100,0.767248153687,0.362318634987,1.547931551933,-1.220448136330
148,-0.481363952160,0.449418962002,-0.497115820646,-0.929130136967,-0.912452578545,4.720389842987,-2.399214744568,-3.344359159470,-3.310821056366,-0.163461506367
149,0.198307231069,0.585915923119,0.486294925213,1.397626161575,-0.131424024701,0.312256783247,0.445423036814,0.345226347446,0.879302680492,2.411657810211
150,-0.530012428761,0.583917319775,0.251501321793,1.165021777153,-1.080335855484,1.566646218300,0.688989460468,0.345466852188,1.575962424278,-1.267856359482
151,0.642082810402,-0.607495427132,1.195447087288,-1.313563942909,-0.948562026024,-1.566127419472,0.704882919788,1.570088267326,2.791182279587,-0.149517983198
152,-0.395977497101,0.426320463419,0.285394042730,0.728550612926,1.144155383110,1.590766906738,0.665732145309,0.244880482554,0.204212725163,0.117417111993
153,-0.444563776255,0.452796250582,-1.755696058273,3.653058052063,-4.114488124847,1.564522981644,0.758454561234,-0.134574234486,3.329142808914,-3.272445678711
154,-0.456633269787,0.503429055214,0.355128645897,0.988869845867,-0.962920188904,1.560783743858,0.719103455544,0.322389125824,1.573873400688,-1.217936873436
155,-0.646646916866,0.686554312706,0.329943776131,1.330973148346,-1.288355469704,1.571666717529,0.752360641956,0.395688891411,1.554553508759,-1.179733157158
156,-0.586055696011,0.605514824390,1.249606966972,-1.182252407074,0.666567027569,1.578893423080,0.837553977966,1.550253033638,0.288469821215,-1.426976799965
157,-0.451053053141,0.502592563629,0.266726851463,0.921444833279,-1.009322762489,1.570460081100,0.764296054840,0.359084457159,1.568986535072,-1.234900832176
158,-0.497944474220,0.483061820269,-2.292807579041,5.253956317902,-0.575714409351,1.583020448685,-0.810348629951,-1.410336732864,1.865066885948,-1.810836553574
159,-0.850594937801,0.878896951675,-0.099748410285,1.870116829872,-1.731550693512,1.569964051247,1.172348737717,-0.196382418275,1.573873043060,-1.272731542587
160,-0.648822069168,0.647628843784,0.198177620769,1.311963677406,-1.267189145088,1.565473437309,-0.862362861633,1.850776672363,1.563021183014,-1.266493439674
161,-0.459229856730,0.473140776157,0.408888906240,0.984646797180,-0.361670613289,1.570799469948,0.789969444275,0.182478010654,1.478890895844,-1.350537419319
162,-0.563906371593,0.561470746994,0.758454024792,-1.153920888901,2.079798936844,1.566890954971,-0.677915513515,1.472306728363,-0.381834387779,0.192235514522
163,-0.712042093277,0.693902492523,-0.263559252024,2.036783933640,-0.739624381065,1.574051022530,0.964021086693,-0.144037574530,1.431154847145,-1.346663236618
164,-0.732788145542,0.757584095001,0.048717718571,1.538854956627,-1.418020486832,1.578115701675,0.502216100693,0.244240194559,1.534096479416,-1.161419034004
165,-0.443519324064,0.475160986185,0.404661655426,2.037260770798,-1.383219480515,1.564980864525,0.770527958870,0.124235048890,1.715397477150,-1.743012785912
166,-0.625205636024,0.644341051579,-1.263419508934,1.120202779770,0.879753708839,1.585578083992,0.674836933613,1.550907015800,1.214913725853,0.119040526450
167,-0.404130488634,0.540837228298,0.361901640892,0.484523534775,-0.094327092171,1.583619475365,0.456612825394,0.312358438969,0.854186058044,-0.601039230824
168,-0.536541700363,0.479916334152,-5.459957599640,5.184677124023,3.894748449326,-1.560149192810,3.977638483047,-1.599864840508,2.866718053818,-4.480032920837
169,-0.523702800274,0.548221409321,0.428181797266,1.110895037651,-0.705056130886,1.568755745888,0.769874811172,0.193266615272,1.549618482590,-1.385543823242
170,-0.469740450382,0.488094359636,0.414533168077,0.999563395977,0.953025102615,1.572758197784,0.734225332737,0.207237407565,3.276587963104,-2.971742630005
171,-0.422523409128,0.445288389921,0.808040857315,0.899240612984,-0.852991580963,1.563812017441,0.748107075691,0.310954749584,1.564004659653,-1.232000350952
172,1.636686325073,-1.638157606125,2.016267299652,-2.029230833054,0.814077138901,1.571837306023,-0.604656219482,1.576296210289,2.772789716721,-2.983246326447
173,-0.533543348312,0.540898263454,0.338082790375,1.074759364128,-1.055490851402,1.573917746544,0.775710761547,0.377071917057,1.586016774178,-1.192054867744
174,-0.796135962009,0.817225337029,-1.619211196899,1.377361655235,-0.924146056175,1.568369984627,0.538622617722,1.579347491264,1.225787997246,-0.186305046082
175,0.227359175682,0.763110935688,-0.221363201737,3.227711915970,0.436474025249,0.279819458723,4.411168098450,-0.588963150978,1.245604991913,-1.334854364395
176,-0.638223528862,0.639204025269,0.327512383461,1.109491944313,-1.251359820366,1.563483715057,0.780188262463,0.098918259144,1.536073088646,-1.256033301353
177,-0.656205296516,0.677799224854,-0.250305265188,1.080184936523,-1.558825850487,1.575988531113,-0.648873865604,-0.297797709703,1.609926223755,-0.205627039075
178,-0.394873321056,0.424131870270,0.320725768805,0.726663649082,1.070969104767,1.585031390190,0.693498492241,0.253381222486,0.180231705308,0.117761388421
179,-0.572585046291,0.590129733086,0.290490448475,1.216297268867,-1.146176695824,1.568322420120,0.670704305172,0.295155405998,1.593121767044,-1.232489824295
180,-0.787717044353,0.743939518929,-1.359055280685,1.443011522293,0.372373223305,1.563300371170,-0.624368846416,-1.568854331970,3.368566036224,-2.998766183853
181,-0.430658459663,0.492559015751,0.279367744923,0.962102830410,-0.961207807064,1.586661696434,0.728687882423,0.397815257311,1.562021136284,-1.273942828178
182,-0.611615240574,0.634883880615,-1.263589382172,1.209465742111,-0.789808750153,1.580496430397,-2.472853660583,1.590541601181,-0.225010022521,1.421115517616
183,-0.456983685493,0.488835394382,0.556490957737,0.917476236820,-0.923169016838,1.562991619110,0.781531512737,0.218604803085,1.559225916862,-1.344237804413
184,-0.614395380020,0.636662364006,2.871729850769,1.299231886864,-1.111011385918,1.570021748543,0.756231367588,0.242898359895,1.567899942398,-1.305418848991
185,-0.623867690563,0.621636867523,-3.404601335526,2.163296699524,1.247179865837,1.570059299469,-0.610296905041,3.076268672943,-1.580025196075,-2.813657999039
186,-0.661041259766,0.642354726791,1.315794706345,-1.171121954918,0.867871165276,1.572248578072,0.920614778996,1.547153949738,-1.224532604218,0.131311669946
187,-0.516591131687,0.513267040253,0.220084115863,1.170457005501,-0.849519550800,1.568262219429,0.646834492683,0.370544999838,1.549188733101,-1.292346358299
188,-0.729855477810,0.714708447456,-1.269784212112,1.318708896637,-0.846888899803,1.571866035461,-0.606131613255,1.560568571091,0.324873805046,-0.132658690214
189,-0.662772417068,0.641437053680,0.373131930828,1.313550949097,-1.612763881683,1.575548052788,-0.660405457020,1.566160202026,1.531230807304,-1.236416459084
190,-0.516189038754,0.517394542694,1.600481152534,1.216673254967,1.131688594818,1.572942733765,0.817958772182,0.136514022946,0.242742717266,0.181836143136
191,-0.504453241825,0.523502707481,0.515203475952,0.956603884697,-0.576238751411,1.572852969170,0.779466986656,0.153484761715,1.475685715675,-1.355910420418
192,-0.660900235176,0.656901717186,-1.376319646835,1.327514886856,-4.818531513214,1.576798796654,0.684055864811,1.561788797379,2.819343328476,-1.671923637390
193,-0.735825002193,0.744169890881,-1.379502296448,1.303940892220,0.948331177235,1.575571894646,0.592074573040,1.573759555817,1.268085241318,0.124729476869
194,-0.478113412857,0.587393224239,-3.823042869568,4.244482517242,-3.669063568115,-1.560146570206,3.761361837387,-1.548915624619,2.770943164825,-1.768168568611
195,-0.597780168056,0.596754252911,-0.271175980568,0.963284671307,-1.360837101936,1.611333966255,0.861066043377,1.205457925797,1.611561536789,-0.297907173634
196,-0.550636291504,0.527138710022,-0.911609470844,1.073919534683,0.733349978924,-1.566225290298,-0.601268351078,1.563627123833,0.306798189878,0.133939623833
197,-0.430652529001,0.457919538021,0.426449328661,0.916938602924,-0.903972446918,1.565014839172,0.757537126541,0.294713586569,1.572378158569,-1.247034430504
198,0.492822825909,-0.527651250362,-5.130784511566,0.961112797260,-1.075042366982,1.548109531403,-2.317476987839,-0.320204079151,1.549054145813,-3.445568323135
199,-0.711588919163,0.695890128613,-1.270381331444,1.444505691528,-0.704421997070,1.567571520805,-0.604479968548,1.525105714798,1.991768360138,-1.719916105270
200,-0.578637301922,0.584663867950,-1.170306921005,1.146194338799,-2.175238609314,1.572758793831,2.561233758926,1.562456369400,1.888953089714,-1.513226747513
201,-0.469889104366,0.485545337200,0.223989218473,1.710516810417,-2.249763011932,1.568937540054,0.696903884411,0.168319597840,1.626289725304,-1.780016422272
202,-0.654913365841,0.681001543999,-0.200802832842,1.341536641121,-1.039974808693,1.564178347588,-0.563153445721,1.421528100967,1.583383798599,-1.232179880142
203,-0.829642355442,0.799834549427,-0.252280801535,1.599558949471,-1.392020106316,1.587807297707,2.500165462494,1.107236742973,1.650285124779,-1.839741349220
204,0.827945709229,-0.724086165428,-1.857548356056,2.109814167023,-0.741079926491,0.223095074296,-1.813785314560,1.466927289963,2.345196008682,-3.006067037582
205,0.196084484458,0.584750831127,0.486313909292,-0.155294299126,-3.982337474823,0.286880820990,0.208574846387,1.015789270401,1.083756446838,-1.737913370132
206,-0.545939326286,0.569889307022,-1.593779683113,1.277538537979,-0.926207542419,1.556947112083,3.921814918518,-0.228498131037,1.514990806580,-1.772298097610
207,-0.548237681389,0.550286531448,-1.073725819588,1.049338102341,-0.776164472103,1.571152329445,-2.569493293762,1.567502617836,1.276935577393,-0.051160395145
208,-0.705816864967,0.703882098198,-1.285445451736,1.343169331551,-1.625789880753,1.570271253586,-0.686194002628,1.593235015869,1.848304748535,-1.436405301094
209,-0.654950857162,0.723741471767,0.278515160084,1.333895206451,-1.335508942604,1.572467684746,0.747798442841,0.262833803892,1.516754031181,-1.265270471573
210,-0.515447735786,0.499399840832,0.102177157998,1.056996703148,-0.999766469002,1.569601297379,0.673394322395,0.354135185480,1.569515943527,-1.289789199829
211,-0.593365550041,0.625265181065,-1.236774682999,1.183786034584,-1.442290902138,1.567841649055,0.679109632969,1.568522334099,1.255690932274,0.056516304612
212,-0.826483011246,0.828773736954,0.286842674017,1.642972350121,-1.660735726357,1.573050737381,0.760907351971,0.361906021833,1.625319838524,-1.213936328888
213,-0.761926114559,0.736071169376,-1.426007866859,1.593636393547,-0.118351116776,1.576993942261,-0.568660020828,1.566174030304,2.316285610199,-2.003206729889
214,0.514654397964,-0.499360889196,0.480668336153,1.163154482841,-0.778385937214,1.560135602951,-0.788638174534,0.267504215240,1.554611682892,-1.345447540283
215,0.549467027187,-0.533100306988,3.668194532394,5.520983695984,-0.981980979443,-1.599740505219,4.046644687653,0.134529873729,4.957228183746,0.136775627732
216,0.563965857029,-0.542266726494,-1.037849307060,1.231471538544,-5.119964599609,1.558475732803,3.931738853455,1.555292487144,3.378182888031,-0.243080005050
217,-0.608546733856,0.585247397423,0.188064545393,1.292723417282,-1.117436408997,1.568233132362,0.671865761280,0.334155082703,1.584268331528,-1.293959617615
218,-0.554944515228,0.565642595291,0.326731085777,1.089904785156,-1.075227856636,1.568489551544,0.831435382366,0.448213160038,1.581046581268,-1.147482872009
219,-0.525134682655,0.530338644981,0.096696726978,1.073567628860,-1.037965893745,1.571526765823,0.699529945850,0.298465043306,1.567335367203,-1.275287151337
220,-5.042664527893,5.059131622314,-1.301604390144,-2.056114435196,3.575569868088,-1.560822725296,0.823737323284,0.099083386362,1.602285504341,-1.861318588257
221,-0.566203355789,0.585487663746,0.547193825245,1.958735704422,2.355035305023,1.566486358643,0.711376547813,0.200603276491,-1.340736746788,1.685625314713
222,-0.419609755278,0.464274466038,0.251206219196,0.865930259228,-0.938103079796,1.569096684456,0.805660903454,0.388694375753,1.570981860161,-4.356369018555
223,-0.561282873154,0.518343389034,-0.503828048706,1.101193070412,-0.937964081764,1.574810147285,-0.737933933735,1.171525716782,1.570503354073,-1.934274196625
224,-0.576398909092,0.642350375652,-0.081428728998,1.145461201668,-1.332697391510,1.569837808609,1.141797184944,1.063871383667,1.586075067520,-0.292823314667
225,-0.664320766926,0.650235772133,-1.210525274277,1.394032478333,-0.334673523903,1.590413570404,-0.630682945251,1.537843227386,2.070491075516,-1.809213399887
226,-0.437653243542,0.496291875839,0.434924364090,0.971131742001,-0.922649919987,1.567988395691,0.779875099659,0.346275687218,1.588654756546,-1.231052756310
227,0.573552966118,-0.578652739525,-3.470463275909,3.521052122116,-3.078124523163,1.569286823273,-3.897252082825,1.629250407219,-1.272078037262,0.204177260399
228,-0.605618059635,0.603617429733,-1.217384338379,1.230686664581,-2.904082775116,1.572573304176,0.592704951763,1.569231748581,1.251568078995,-0.059630434960
229,-0.666522562504,0.685453832150,-1.380091309547,1.187940120697,0.096880003810,1.580029964447,0.868948101997,1.588915228844,0.689654648304,0.490667998791
230,-0.432795614004,0.508163154125,0.359930336475,0.985690534115,-0.969431579113,1.559103608131,0.699790358543,0.382847279310,1.577213644981,-1.097212672234
231,-0.592232644558,0.592577338219,0.210308060050,1.265250802040,-1.123434782028,1.568969845772,0.674369752407,0.327981501818,1.589991092682,-1.272220969200
232,-3.076175212860,3.065754890442,2.312333345413,1.319710731506,-3.491630792618,1.580630421638,2.259558439255,0.153389543295,4.782938957214,-1.290020108223
233,-0.584622144699,0.502503693104,-0.267755359411,1.157491326332,-1.071877956390,1.558312177658,0.897733986378,1.221016049385,1.578473806381,-0.313355416059
234,-0.516026675701,0.587695717812,0.218311622739,1.130583763123,-1.064961671829,1.566491723061,0.628606677055,0.304714411497,1.582736015320,-1.197730660439
235,-0.514207065105,0.527257919312,3.995007753372,1.042762398720,-0.889958977699,1.562386631966,0.785398185253,3.293790102005,4.605075836182,-1.351048111916
236,-0.668182671070,0.681901037693,-1.344820380211,1.312172770500,1.264371991158,1.550024151802,-0.683770418167,1.580422520638,0.279588818550,0.120323330164
237,-0.595738887787,0.595468342304,0.738376021385,1.150856256485,-0.667935132980,1.573988199234,0.816930234432,0.167485326529,1.541327595711,-1.414069533348
238,-0.364931076765,0.456618309021,0.330691695213,0.691361665726,-2.221443414688,1.572064280510,0.589867889881,0.315755963326,1.732491850853,-1.449630737305
239,0.225419566035,0.554104626179,0.317164480686,0.817882418633,1.158884882927,0.303277432919,0.393251925707,0.485943734646,0.188693240285,0.187360286713
240,-0.601439237595,0.590981125832,-1.183818221092,1.193607330322,2.372707843781,1.584424972534,-0.644035041332,1.560311675072,0.349102884531,0.109242476523
241,-0.679028272629,0.660489201546,0.256733089685,1.555476546288,-1.182891368866,1.554373383522,0.746594488621,0.465364038944,1.613811492920,-1.261596202850
242,-0.702085733414,0.603335916996,0.317993283272,0.943823814392,-1.071101546288,1.573731899261,-1.974432110786,2.983590126038,1.561321735382,-1.186289548874
243,-0.555932641029,0.541946053505,0.466314852238,1.156059503555,-1.061196923256,1.579309463501,0.750191092491,0.227237001061,1.577311873436,-1.309090137482
244,-0.442058503628,0.455557197332,0.239363715053,1.107802271843,-0.681101441383,1.551972270012,0.641273617744,0.352456271648,1.578939318657,-1.327864885330
245,-0.559230387211,0.516342103481,0.181646257639,1.056137919426,-0.352036237717,1.569626450539,0.533776938915,0.301536917686,1.356665134430,-1.327635645866
246,-0.789283633232,0.784267306328,1.560229301453,-1.456436753273,0.782603383064,1.564346194267,0.767066776752,1.569743275642,-1.198904514313,0.142809420824
247,-0.497029721737,0.501652121544,-2.338459730148,-0.893346071243,1.041893482208,-1.555305242538,2.331585407257,-2.813668727875,-1.577653765678,0.343062013388
248,-0.626381993294,0.635271131992,0.451624423265,1.266599774361,-1.164704203606,1.571769356728,0.841823399067,0.360820949078,1.564695239067,-1.266696214676
249,-0.468983680010,0.515926659107,0.399069100618,1.006790637970,-0.987924456596,1.574365377426,0.764674484730,0.357307314873,1.551976919174,-1.200021862984
250,-0.462873518467,0.531211733818,0.272139489651,1.021584749222,-0.737877786160,1.579008340836,0.603443384171,0.311435818672,1.537948250771,-1.267213582993
251,0.598408699036,-0.604664325714,-1.174779057503,0.992294132710,-0.768411040306,-1.577163100243,2.294460535049,4.703181743622,1.252786755562,-0.162457495928
252,-0.537494540215,0.535170316696,0.136320769787,1.096741080284,-1.064284205437,1.563666582108,0.692234992981,0.305993229151,1.569636940956,-1.268980741501
253,-0.667375087738,0.624188482761,2.102056503296,-1.752015829086,2.516853094101,1.567999243736,-0.608832836151,1.633610606194,-0.336654245853,-19.017843246460
254,-0.602168381214,0.566864311695,0.298585236073,1.272328376770,-1.064065217972,1.566995143890,0.732287228107,0.358856588602,1.559380412102,-1.260728836060
255,-0.520191133022,0.530589282513,-1.081659555435,0.844652116299,-2.006454467773,1.577150106430,0.677982509136,1.567674040794,1.324866056442,-0.130664646626
256,-0.571440279484,0.563774704933,0.205152347684,1.216234326363,-1.044616818428,1.565434575081,0.681761622429,0.348341077566,1.560116410255,-1.289880514145
257,-0.674191415310,0.673435926437,1.273292064667,-1.466502785683,0.277780622244,1.560733199120,-0.781685888767,1.574602246284,4.123171329498,-1.295609354973
258,-0.623970210552,0.606297373772,0.208777680993,1.377671837807,-1.103215336800,1.572804212570,0.635731756687,0.389850348234,1.581622600555,-1.284224510193
259,0.303389579058,0.838155388832,-0.186474665999,5.372793197632,-5.268023967743,0.256648749113,-3.584458827972,1.069668769836,1.593629002571,-1.259568929672
260,-0.600544869900,0.600476324558,0.240214318037,1.110390543938,-1.207486152649,1.560586929321,0.752833366394,0.146553829312,1.574861288071,-1.238592147827
261,-0.512001872063,0.568681001663,0.258791923523,1.157419204712,-0.947212398052,1.569368600845,0.663974523544,0.291318088770,1.554315328598,-1.284756898880
262,-0.611859560013,0.611515164375,-0.398290365934,1.699864149094,-1.208943843842,1.563702940941,0.961003363132,-0.097942516208,1.563879609108,-1.244746088982
263,-0.385878831148,0.465864717960,0.361152529716,0.947791993618,1.012129902840,1.548950076103,0.731741189957,0.301071345806,0.144893407822,0.134272128344
264,-0.494075953960,0.492788255215,0.419714868069,1.062163710594,-0.900555372238,1.582555413246,0.754614233971,0.267157226801,1.558992505074,-1.302717208862
265,-0.191554948688,-0.525754094124,0.139577478170,-0.574938058853,-2.625237226486,-0.322655498981,-1.227773547173,-2.467903614044,-1.641627192497,1.771470189095
266,-0.620152771473,0.617009282112,-1.208341121674,1.281364560127,-1.556587815285,1.574088096619,-0.656865239143,-1.572649955750,1.958606839180,-1.465937256813
267,-0.509389877319,0.552757620811,0.353539168835,1.082544803619,-1.066969871521,1.569989681244,0.735498964787,0.344410598278,1.566213369370,-1.239502310753
268,-0.585943818092,0.594829380512,0.353048145771,1.159534573555,-1.107800960541,1.572290062904,0.777167856693,0.204436182976,1.566995620728,-1.348428606987
269,-0.679826259613,0.689578056335,-1.284887790680,1.202856779099,-0.751939415932,1.555856227875,0.689650118351,1.561398148537,1.252940058708,-0.120673879981
270,-0.616480886936,0.625552415848,-1.255465388298,1.168095588684,-1.050482749939,1.570827245712,0.630461037159,1.579829454422,1.222367644310,-3.257894277573
271,-0.524914503098,0.525745630264,0.197136878967,1.044342517853,-1.043094873428,1.566696405411,0.742686331272,0.245695441961,1.573543190956,-1.276476383209
272,-0.642286777496,0.660053551197,-1.300241231918,1.199961423874,-1.124910950661,1.568527340889,0.617098450661,1.558535218239,1.255989432335,-0.097118683159
273,-0.615890026093,0.601289093494,1.236619234085,-1.002722740173,-1.410192131996,1.581967949867,0.884701907635,1.575665354729,0.274273365736,-1.441648960114
274,-0.503193438053,0.469708025455,-0.283432364464,0.814828217030,-0.982810974121,1.579729914665,-0.728216052055,-0.314043283463,1.600238323212,-0.291901409626
275,-0.556555271149,0.621530711651,-0.136184170842,1.453615188599,-1.178013324738,1.572094321251,1.180621862411,-0.339782953262,1.584760904312,-1.252303838730
276,0.259348005056,0.513025105000,0.331638604403,0.963591158390,0.922156989574,0.322366803885,0.514997720718,0.391910314560,0.206569865346,0.218948394060
277,-0.673648655415,0.666359305382,0.239194214344,1.409673094749,-1.312695741653,1.560144662857,0.652313590050,0.287691920996,1.581208109856,-1.255693674088
278,-0.797942698002,0.832685887814,0.342133462429,1.424272060394,-1.663746237755,1.580005884171,0.825705826283,0.154344603419,1.561665296555,-1.271492958069
279,-0.580310463905,0.574553728104,-0.528785169125,1.766726613045,-1.146495699883,1.564492702484,0.954242825508,-0.094999335706,1.565205931664,-1.264838933945
280,-0.501190006733,0.543482840061,0.288682997227,1.009770154953,-1.055733323097,1.558145999908,0.725990533829,0.258864015341,1.560288548470,-1.244343161583
281,-0.536945760250,0.535007297993,1.192770481110,1.339828610420,1.449038982391,1.575627803802,0.825789153576,0.144947469234,0.161194264889,0.116925351322
282,-0.552858293056,0.518178641796,0.208484739065,1.244230747223,-0.857940196991,1.561751961708,0.627459883690,0.311362564564,1.526540875435,-1.374864578247
283,-0.529065549374,0.527926087379,-0.220703646541,0.991259157658,-1.103460431099,1.561052203178,0.848485887051,1.243583321571,1.577336072922,-3.422125577927
284,-0.527203261852,0.578158676624,0.448805451393,1.117626070976,-1.175910830498,1.560888886452,0.697719991207,0.274482548237,1.600275278091,-1.199139595032
285,-0.666674256325,0.618308246136,0.223902553320,1.659524679184,-1.194565534592,1.537966370583,0.530887067318,0.475492626429,1.637463450432,-1.327837944031
286,-0.551767408848,0.530458688736,-0.321624428034,0.924299776554,-1.241966605186,1.568867444992,0.858695507050,1.277834296227,1.583385348320,-0.232792615891
287,0.601008534431,-0.599611938000,-1.142324805260,8.040203094482,6.376310348511,1.562647223473,0.795092582703,1.471765756607,1.790473461151,1.713433265686
288,-0.524276256561,0.600996017456,0.280647456646,1.155451536179,-1.180063128471,1.569258332253,0.665646493435,0.374587386847,1.582030057907,-1.254739284515
289,-0.391952633858,0.448160976171,0.363293737173,3.949798345566,0.630318164825,-1.546685457230,3.771331548691,1.827244043350,-0.334552139044,1.770171642303
290,-0.544877529144,0.601884961128,0.231614291668,1.095412969589,-0.979287207127,1.581537246704,0.711711943150,0.415284723043,1.549286842346,-1.207412242889
291,-0.612459778786,0.576949834824,0.747586011887,-1.544262766838,-0.912963867188,1.588771224022,2.382714509964,-1.429613947868,2.895504236221,-3.363866567612
292,-0.668642163277,0.601403713226,0.088064044714,1.390750527382,-1.138631105423,1.569176197052,0.466146647930,0.468261122704,1.562249898911,-1.305538415909
293,-0.772933125496,0.684334635735,0.087104432285,1.505701184273,-1.255178570747,1.567675352097,-1.235820412636,2.098676681519,1.564458489418,-1.288008213043
294,-0.567969381809,0.480975598097,0.150539249182,1.239223003387,-0.879224181175,1.564920067787,0.535101413727,0.410438120365,1.555478215218,-1.331703901291
295,-0.559674859047,0.608870685101,0.440705597401,1.117013096809,-1.161921858788,1.567494273186,0.745236217976,0.218599379063,1.532291769981,-1.286741614342
296,-0.610855042934,0.639943361282,1.060602545738,-1.280908107758,-0.881397426128,1.577014207840,2.225706815720,1.569736957550,2.851721525192,-0.142985329032
297,-0.711154341698,0.727101504803,3.836701869965,-4.300009727478,0.447273939848,1.570076227188,2.526313543320,1.604524731636,3.229711532593,2.705792188644
298,-0.790341734886,4.827615737915,-0.020170938224,-2.369147777557,-1.647737264633,-1.577280640602,-1.702448368073,3.282041072845,1.582177400589,-0.786543846130
299,-0.647262990475,0.639198064804,-1.116013646126,1.257215499878,-0.070123359561,1.579322576523,-0.713581860065,1.559731841087,0.828819870949,-0.479107946157
300,-0.497044086456,0.509473621845,0.524121224880,0.999412477016,-0.790856361389,1.570673346519,0.769149124622,0.166224777699,1.550800561905,-1.384686231613
301,0.480358451605,-0.431587010622,0.285942465067,0.941096663475,-0.943753123283,1.566709518433,2.307828426361,0.338517516851,1.581021308899,-1.283131361008
302,-0.865486502647,0.834946334362,1.504911422729,-1.449365019798,-0.405000209808,1.564458727837,0.950040757656,1.555703997612,1.974643111229,-0.168508902192
303,-0.742617189884,0.734918415546,-1.432903170586,1.499581575394,-0.122393935919,1.568908691406,-0.617481648922,1.571670770645,2.149747371674,1.327345371246
304,-0.566456556320,0.546364188194,0.170092850924,1.211033701897,-1.049183607101,1.567788362503,0.649228394032,0.312920600176,1.581842064857,-1.295585751534
305,-0.646078348160,0.650550961494,-1.264655351639,1.298573374748,-4.574847221375,1.570576429367,-0.659047722816,1.555049180984,1.877286195755,-4.824569702148
306,-0.506380975246,0.513843238354,0.486108094454,1.207548856735,-0.323685020208,1.571314811707,0.767873942852,0.191374704242,1.431384444237,-1.271012306213
307,0.243458747864,0.675524592400,0.276257604361,-2.025356769562,0.736708581448,0.278672903776,0.447777658701,-1.134007692337,-1.412848114967,0.184839308262
308,-0.660346150398,0.638530075550,-0.197777882218,1.233333468437,-1.332845091820,1.568716287613,0.881881237030,1.247194409370,1.592824339867,-3.441720485687
309,-0.601957619190,0.621607899666,0.237279951572,1.256153106689,-1.151063442230,1.576634526253,0.706000983715,0.240357682109,1.554077506065,-1.287713289261
310,0.593728721142,-0.592949509621,2.040261745453,1.195903778076,-1.103725671768,1.561188936234,-0.818618774414,0.144322484732,1.561623930931,-1.367249608040
311,-0.443360418081,0.447565823793,0.089565739036,0.884518682957,-0.892564475536,1.571320533752,0.787843286991,0.249731317163,1.571350455284,-1.300130128860
312,-0.571663975716,0.549099206924,0.337765485048,1.243916511536,-0.974532902241,1.575064420700,0.734019041061,0.281353861094,1.569147586823,-1.325406908989
313,0.218112036586,0.535633742809,0.307913005352,0.726890504360,1.263978004456,0.301009654999,0.386421412230,0.457404643297,0.215434670448,0.160321563482
314,-0.592636883259,0.569677114487,0.460892289877,1.222051501274,-1.006458401680,1.578793168068,0.789585888386,0.435455024242,1.598308920860,-1.195340633392
315,0.238018780947,1.071961522102,-0.478767096996,-4.910175323486,4.912026405334,-2.874912977219,1.399820089340,0.848181962967,-1.543255329132,0.304063707590
316,-0.620142519474,0.769042372704,-0.151132762432,1.291257500648,-1.120680928230,-1.571068048477,-0.174442529678,0.980955481529,1.590602993965,-1.225748062134
317,-0.762785434723,0.763275146484,-1.481547236443,1.469776868820,-2.423643112183,1.571600914001,0.613236367702,-1.560125589371,4.374536991119,-0.132866516709
318,-0.489017397165,0.522986650467,0.442674964666,1.017853498459,-0.990537583828,1.563360929489,0.754737675190,0.304738461971,1.556977987289,-1.242755174637
319,-0.652847647667,0.646863818169,1.265135526657,-1.141358733177,0.807643175125,1.572590708733,-2.257081270218,4.715875148773,1.898281097412,0.142150521278
320,-0.756242811680,0.761635124683,0.523736536503,1.536171197891,-1.429856061935,1.564436554909,0.746960043907,0.214397490025,1.584405779839,-1.307024002075
321,-0.624167740345,0.608326137066,0.244842126966,1.222880840302,-1.178326606750,1.571021080017,0.752391993999,0.193275943398,1.562594771385,-1.298851490021
322,-0.652736306190,0.649331092834,0.132232099771,3.307382345200,-3.487366437912,1.562737345695,0.598128497601,0.086162090302,1.551120400429,-1.239723443985
323,-0.447673618793,0.478038817644,0.338570147753,0.977103829384,-0.875090062618,1.587206840515,0.768224120140,0.349683225155,1.564033031464,-1.259949564934
324,-0.679712831974,0.673543572426,-1.128505706787,1.363487601280,-0.071494758129,1.575937390327,-0.675022661686,1.534334421158,3.980200052261,-0.524721682072
325,-0.690966129303,0.694977223873,-0.384027063847,1.808777570724,-1.384561538696,1.569913983345,0.975203096867,-0.073916219175,1.584304213524,-1.255168080330
326,0.199938714504,0.511634409428,0.403072267771,-0.132052570581,-2.875643968582,3.442470550537,0.226277932525,1.029309749603,1.009622931480,-1.350969910622
327,-0.478715807199,0.500719428062,-0.813742280006,0.911629080772,-0.714840948582,1.586255669594,0.737486422062,-0.170478671789,1.653953909874,-1.825175285339
328,-0.581387042999,0.592918872833,0.202319145203,1.281710505486,-1.089595198631,1.560162305832,0.651140451431,0.268715411425,1.569779634476,-1.289028406143
329,0.218124657869,0.830231726170,-0.307678788900,0.417448073626,1.142546057701,0.276014178991,1.424113631248,-0.901901185513,0.285812109709,0.139972269535
330,-0.599782884121,0.607377707958,-1.192533373833,1.102589011192,-1.035320401192,1.574302673340,0.619091451168,1.566869616508,1.210014343262,-0.112333126366
331,-0.671779572964,0.665976941586,-1.277285218239,1.401862859726,-0.129732638597,1.580013751984,-0.630729198456,1.573144435883,2.230546236038,-1.904915213585
332,-0.617142081261,0.676748812199,0.269491761923,1.211814761162,-1.418185234070,1.563018679619,0.787125587463,0.260562747717,1.536720991135,-1.257845520973
333,-0.525813460350,0.555505871773,0.248087704182,1.071176052094,-1.084796071053,1.564856410027,0.759623110294,0.292540848255,1.554679989815,-1.255767941475
334,-0.480922549963,0.463970422745,0.201254576445,1.038214325905,-0.843045294285,1.572942376137,0.711671650410,0.382677614689,1.566233873367,-1.266362309456
335,-0.592511117458,0.588419556618,-0.986444175243,1.252255320549,0.888608634472,1.567208170891,-0.703286528587,1.536621332169,3.456669569016,0.161191821098
336,-0.632915973663,0.613861918449,-1.158612966537,1.320157766342,-0.134647563100,1.582360506058,-0.593529045582,1.556617975235,2.273331880569,-1.973401784897
337,0.224538639188,0.536314308643,0.292187839746,0.652167379856,1.224517107010,0.310483455658,0.414897650480,0.442040503025,0.247056186199,0.178907826543
338,-0.673508167267,0.663366079330,-1.226634621620,1.289132237434,0.769334971905,1.572814226151,-0.634749233723,1.561918497086,-2.822430610657,-3.036130905151
339,-0.591886043549,0.583525955677,0.458855569363,0.746775865555,-1.194209814072,1.579875469208,0.925808131695,0.044916734099,1.570790529251,-1.267414927483
340,-0.570774376392,0.617161035538,-0.290918737650,-8.861152648926,4.821282863617,-1.581041216850,2.491571664810,-1.773804545403,4.753565788269,-1.784512519836
341,-0.602405965328,0.643428683281,0.383596003056,1.332932591438,-1.177497386932,1.589149951935,0.705720722675,0.337896287441,1.540554285049,-1.221104145050
342,0.826780378819,-0.772756934166,0.231358200312,3.621071338654,11.564874649048,4.684418678284,-5.694960117340,-4.379846572876,-1.305801868439,-4.458212375641
343,0.194467648864,0.446774691343,0.305552929640,0.652825355530,1.177333831787,0.333252489567,0.376794964075,0.411783009768,0.232576951385,0.185295626521
344,-0.525097310543,0.563748300076,0.256046891212,1.086131453514,-1.088087439537,1.575195670128,0.746614813805,0.302951782942,1.556954860687,-1.252627253532
345,-0.469420075417,0.551714122295,0.272064805031,0.994665861130,-0.972792327404,1.571114897728,0.715046525002,0.319507002831,1.535035252571,-1.204335808754
346,-0.641886770725,0.640277624130,-1.324180364609,1.169900894165,0.596096932888,1.576153993607,0.653736472130,1.597580671310,-0.441040724516,-1.402190566063
347,-0.583389222622,0.567551791668,0.146403118968,1.295374035835,-1.012522459030,1.566793203354,0.579966187477,0.398441791534,1.557543396950,-1.311091303825
348,-0.651726126671,0.629749357700,-1.087046384811,1.265170812607,-0.079683475196,1.565588951111,-0.620049893856,1.538510441780,0.782018125057,-0.463761091232
349,-0.567720711231,0.556504428387,1.152376413345,-1.006882905960,-1.148489713669,1.583998322487,0.965848088264,1.567473053932,0.351402908564,-1.435601115227
350,-0.496879905462,0.509125590324,0.489085704088,1.051417589188,-0.586333096027,1.558436870575,0.778590023518,0.193945825100,1.544298887253,-1.356589555740
351,-0.686074435711,0.749800443649,0.230232089758,1.394273281097,-1.381828069687,1.568072557449,0.688574850559,0.280441373587,1.529312252998,-1.245675921440
352,0.669266402721,-0.591127514839,-1.140972733498,1.006461501122,-0.724192440510,1.541576385498,2.273341655731,1.550597310066,-0.439297497272,-1.410389542580
353,-0.523567140102,0.475289404392,-0.544576287270,0.993477821350,-0.939149081707,1.584614634514,0.812436521053,1.337149381638,1.522026538849,-0.293705999851
354,-0.849854886532,0.835680305958,-1.509414672852,1.656081795692,-0.071327880025,1.571641921997,-0.673425197601,1.571511745453,0.912869393826,-0.576292812824
355,-0.498577475548,0.448616117239,-0.367735445499,0.965903282166,-0.951017081738,1.566374659538,0.826341450214,1.249127030373,1.555635571480,-0.351144224405
356,-0.377005457878,0.451523512602,0.458282768726,-1.785934090614,-0.809411406517,1.578924179077,3.766088962555,0.260895192623,-0.167124480009,-3.265497207642
357,-0.478699982166,0.489745318890,0.385010004044,0.990268051624,-0.952387452126,1.568096399307,0.757481157780,0.280937939882,1.570543050766,-1.274093627930
358,-0.632767081261,0.629793405533,-1.284942507744,1.296484708786,2.654515504837,1.573822975159,-0.581915557384,1.555529952049,3.488391637802,0.140361949801
359,0.424072325230,-0.358627736568,0.344979405403,0.757767200470,1.058225393295,1.552798509598,2.250004529953,0.262449741364,0.192199602723,-3.005060434341
360,-0.694557726383,0.672075331211,-1.143212437630,1.240652203560,-0.760449230671,1.570642590523,-0.681223034859,1.551758170128,0.414998471737,-0.130985379219
361,-0.670520901680,0.673064410686,-0.263903468847,1.679411172867,-1.218463540077,1.563377737999,0.952937960625,-0.091883361340,1.534327387810,-1.256810545921
362,-0.506999015808,0.528717637062,0.262284845114,1.126431822777,-0.839142501354,1.571854591370,0.687213063240,0.267483770847,1.579505205154,-1.361822128296
363,-0.517813146114,0.532876789570,0.415256351233,1.035197734833,-1.110287308693,1.581239819527,0.823117852211,0.398191869259,1.557366251945,-1.199262380600
364,-0.520552039146,0.583215713501,0.323308378458,1.105993628502,-1.058918595314,1.569967269897,0.704793035984,0.276106685400,1.549412488937,-1.245590448380
365,-0.653195917606,0.633215248585,0.270970642567,1.387420177460,-1.227349758148,1.567023277283,0.711027264595,0.357010453939,1.574604034424,-1.271137237549
366,0.542879760265,-0.578082978725,0.202125981450,1.360945582390,-0.997717440128,1.554758667946,-0.968511700630,0.381038457155,1.573014497757,-1.323719024658
367,-0.559460520744,0.778431653976,-0.226526424289,2.169224262238,-0.233847230673,1.615279555321,-0.367650091648,1.107821345329,0.512699067593,-0.357658773661
368,-0.475394994020,0.502500057220,0.362078696489,1.040585041046,-0.832569897175,1.571944713593,0.729141294956,0.314989179373,1.553250908852,-1.263710021973
369,0.781869292259,-0.841716051102,0.247592702508,1.130487561226,-2.432680845261,1.566647410393,-2.544493436813,0.295853376389,4.870983123779,-0.245197892189
370,-0.335819482803,0.480317622423,0.274761378765,0.774783790112,-0.514666378498,1.550465464592,0.337921887636,0.374004542828,1.522871971130,-1.107306718826
371,0.588579595089,-0.599460959435,0.400392293930,3.354883909225,-1.753095388412,1.541802883148,0.783121943474,0.357783854008,3.340701580048,-1.353842377663
372,0.464221417904,-0.397299110889,0.328885614872,1.292159914970,-5.130773544312,1.562852501869,-0.881235063076,3.387253522873,1.639164924622,-1.347916483879
373,-0.630487799644,0.645188868046,1.240060329437,0.029939187691,-1.323563933372,1.570395827293,-0.852067947388,1.296549916267,0.289124310017,-0.358992695808
374,0.786219596863,-0.618180930614,-6.529672622681,6.288285255432,3.050390005112,1.607928991318,-0.353246629238,1.571174025536,-2.169886827469,-0.156749695539
375,-0.630723834038,0.616696059704,-0.233514100313,2.495420455933,-2.227858543396,1.578945517540,2.391359329224,-1.729142546654,1.565428256989,-1.817228317261
376,-0.532386541367,0.519664585590,0.873092710972,-1.023004770279,0.704940497875,1.558504700661,0.763447999954,0.188990771770,1.514859795570,-1.366029381752
377,-0.688529312611,0.695263683796,-1.186898589134,1.365551829338,-0.064459092915,1.559188008308,-0.702956557274,1.537175893784,0.840525329113,-0.502321779728
378,-0.688023388386,0.658507585526,0.156765505672,1.419079780579,-1.261350154877,1.563883543015,0.637961983681,0.311122119427,1.573112368584,-1.280071854591
379,-0.602512001991,0.639547169209,-1.281592607498,0.976275265217,0.108401156962,1.554726362228,3.755450963974,1.582396149635,0.834143638611,0.446628838778
380,-0.597555458546,0.590590775013,1.201576948166,-1.115776658058,0.817358195782,1.571529626846,0.889794230461,1.572803378105,-1.201249599457,0.120766952634
381,-0.507911145687,0.522043704987,0.210720658302,0.994406819344,-1.048593997955,1.569661259651,0.754624664783,0.242202118039,1.575051903725,-1.261835455894
382,-0.586509168148,0.566492080688,-1.005649209023,1.088144898415,2.067045211792,1.577455043793,-0.593852341175,1.572458148003,0.321425914764,0.140320315957
383,-0.633466184139,0.626803994179,0.533409178257,1.282803654671,2.851602554321,-1.569657802582,-0.823050677776,1.617592573166,-1.409518480301,-1.719579339027
384,-0.480348229408,0.504900097847,0.427178621292,1.023583650589,-1.052568554878,1.574981689453,0.810047447681,0.427739500999,1.553864717484,-1.148380637169
385,-0.519660770893,0.560429513454,0.386404365301,1.102452874184,-1.167477011681,1.569753527641,0.743259668350,0.352771103382,1.573133826256,-1.248821020126
386,0.208174079657,0.508103907108,-0.173438891768,-0.851410508156,1.794315457344,0.321977585554,1.220206141472,-0.587666630745,-0.124271586537,0.135020300746
387,-0.443277716637,0.480017632246,0.365348815918,0.934992611408,-0.874055027962,1.572380065918,0.746990501881,0.280028015375,1.572796344757,-1.287753820419
388,-0.747166574001,0.732774436474,0.315776944160,1.474015235901,-1.493908882141,1.565913558006,0.783877432346,0.359357804060,1.640163779259,-1.241688132286
389,-0.521842658520,0.457205116749,0.154672518373,1.170370459557,-0.734546363354,1.556605339050,0.568256735802,0.361440956593,1.540514111519,-1.366498947144
390,0.216027185321,0.483175605536,0.308777064085,0.687714159489,1.205730557442,0.325015157461,0.417751520872,0.411699175835,0.222021251917,0.157132297754
391,0.240520924330,0.514678180218,0.313655048609,1.044096112251,1.020219206810,0.323184132576,0.475637257099,0.411543041468,0.207547277212,0.221761465073
392,-0.214625939727,-0.815502166748,0.233356431127,-0.316177576780,-7.507064342499,-0.287594079971,-1.454286575317,-2.167306900024,-0.333448469639,-6.444085121155
393,-0.771394133568,0.761207818985,0.228575050831,1.701521515846,-1.385993838310,1.569954276085,0.650328695774,0.386287122965,1.595584154129,-1.307133078575
394,-0.492496937513,0.533449590206,0.442148655653,1.073894500732,-1.058265447617,1.555067062378,0.703940987587,0.371991813183,1.589246392250,-1.121465921402
395,0.206740394235,0.490275830030,-0.128217294812,0.691730499268,0.869197487831,0.314492791891,1.003239035606,-0.482245445251,0.222277164459,0.159227773547
396,-0.710069537163,0.681305944920,-1.144812583923,1.232761621475,2.360711336136,-1.576193094254,-0.465445101261,1.581595063210,-1.144674301147,1.389941334724
397,-0.603507339954,0.593154013157,-1.111400842667,1.224673867226,-0.134587585926,1.575230240822,-0.663384079933,1.549950599670,-0.936960160732,-1.887779116631
398,-0.651847124100,0.645828723907,-1.258365750313,1.315667390823,-0.404728114605,1.572812199593,-0.662950038910,-1.565580964088,2.039726972580,-1.710744500160
399,-0.501103579998,0.547336637974,0.598076462746,1.049159288406,-0.920437872410,1.578850984573,0.763749003410,0.253594100475,1.520873665810,-1.296254277229
400,-0.486111342907,0.484850317240,0.192286580801,1.112307667732,-0.833822727203,1.557599186897,0.606805920601,0.407032519579,1.607330322266,-1.285400390625
401,-0.653850674629,0.599017798901,1.966170430183,-1.801072835922,-1.155575752258,1.558264970779,-1.086048483849,-0.126875787973,0.376053571701,1.411168694496
402,-0.510035872459,0.536353707314,0.725212812424,1.056042551994,-0.867670536041,1.570178627968,0.773686647415,0.242481291294,1.551761507988,-1.328883290291
403,-1.532886743546,1.491919875145,-1.789245605469,2.021049261093,-0.057463832200,1.593379497528,0.672582328320,1.596185803413,0.745542287827,-0.398543089628
404,0.229369118810,0.603103756905,0.334399849176,0.653346240520,1.297716140747,0.297648400068,0.354625821114,0.455066651106,0.238412857056,0.171662911773
405,0.628233551979,-0.613364875317,-1.326353669167,1.235044360161,1.054616212845,1.560865044594,-0.877363085747,1.596419930458,2.772105693817,-1.417306661606
406,-0.143147468567,0.380249887705,0.321921527386,0.343486845493,-2.409909725189,1.429568171501,0.327294498682,0.489591568708,-1.285772800446,-1.365590214729
407,-0.342389583588,0.440035581589,0.332996577024,0.901779830456,1.090619921684,1.561763405800,0.680696725845,0.308439970016,0.158426195383,0.156772643328
408,-0.635924339294,0.646347284317,-1.259307980537,1.157090425491,-0.907432615757,1.571308612823,0.639979362488,1.568147063255,1.232136607170,-0.118209786713
409,0.525887966156,-0.506497919559,0.610799431801,-1.618326783180,-0.997702002525,1.583252906799,-0.770755231380,0.190817520022,-0.207334041595,-0.172532305121
410,-0.629534423351,0.608576953411,-1.167912006378,1.275416254997,2.716007471085,1.568688154221,-0.619546949863,1.558752536774,0.317738980055,0.135754182935
411,-0.655314266682,0.656496107578,-1.367495894432,1.230524420738,0.416557461023,1.581528425217,0.674531042576,1.570667862892,-0.481313139200,-1.398566365242
412,-0.541589260101,0.557653963566,0.789219617844,1.105250358582,-0.671435177326,1.572237610817,0.780127108097,0.208749771118,1.553723335266,-1.340865731239
413,-0.758281290531,0.740898311138,-1.566769123077,1.626566290855,1.511413931847,1.570025086403,-0.677643895149,1.564434766769,1.885915160179,-1.459392666817
414,-2.213822603226,2.228884458542,-2.692234277725,1.575279116631,-1.578177809715,1.587103247643,-0.795799434185,0.905909895897,1.548641085625,-0.747200727463
415,0.509015023708,-0.564056992531,0.225817322731,4.626016616821,-1.720564246178,1.576879382133,0.717007160187,1.738304018974,-4.512621879578,1.383629679680
416,-0.591087937355,0.571007311344,-1.027423858643,1.137101292610,0.933645069599,1.576081037521,-0.559574961662,1.578481316566,0.363855481148,0.128382220864
417,0.677275300026,-0.565296292305,-0.163489907980,3.989095926285,-0.928822040558,1.579410433769,1.163926601410,-0.466793894768,1.768727898598,0.126502215862
418,-0.482842385769,0.536897838116,0.328684777021,1.036346316338,-1.028790354729,1.569997429848,0.730983138084,0.321563005447,1.574279785156,-1.205702900887
419,-0.485714226961,0.475682199001,0.748862564564,0.904854238033,-0.408869415522,1.595328092575,0.827942848206,0.151908531785,1.460430264473,-1.319927334785
420,-0.455169856548,0.492148190737,0.274661034346,0.986624717712,-0.949007809162,1.561783075333,0.711920976639,0.325415283442,1.568801403046,-1.226336002350
421,-0.503254890442,0.381044238806,-0.378678351641,2.504039049149,-1.085619688034,1.574120044708,0.983462870121,-1.879498362541,1.435833096504,-0.138734072447
422,-0.539601206779,0.564879834652,0.531388282776,1.096931815147,-1.104000091553,1.561115026474,0.726987779140,0.384950160980,1.571446895599,-1.150327563286
423,-0.559295117855,0.598090469837,0.337105572224,1.184846282005,-1.175174832344,1.566499948502,0.746469855309,0.334122925997,1.559496879578,-1.236349701881
424,-0.419893771410,0.452485442162,-0.281115949154,0.825654804707,2.139660835266,1.561139225960,0.830084741116,-0.220317602158,3.334209680557,-2.967658758163
425,-0.523103415966,0.480024158955,0.220455586910,1.101593136787,-0.794525027275,1.593213319778,0.702662765980,0.267690449953,1.543439149857,-1.318545341492
426,-0.432218492031,0.444608807564,0.215139135718,1.446220159531,-0.380170285702,1.541841983795,0.479109883308,0.353183686733,1.363301515579,-1.367024779320
427,-0.519855499268,0.500039219856,0.318852871656,1.194456696510,-0.837420821190,1.572700858116,0.722264766693,0.271881282330,1.558289289474,-1.352289676666
428,-0.559957623482,0.565612912178,-0.114255562425,1.125346302986,-1.138558506966,1.569274306297,2.301724672318,-1.286842465401,1.570482730865,-1.290397524834
429,-0.651376247406,0.631165504456,-1.095769882202,1.272975921631,-0.073476977646,1.565169572830,-0.686485707760,1.558443665504,0.814033687115,-0.483657747507
430,-0.532999217510,0.517596960068,0.311988919973,1.105542302132,-1.008088946342,1.563952803612,0.735866546631,0.326167315245,1.581211447716,-1.263232827187
431,0.208985790610,0.521570086479,0.328073918819,0.551363825798,1.326673746109,0.304159373045,0.340186566114,0.455699473619,0.216321989894,0.150961905718
432,-0.745884120464,0.719045102596,0.161344289780,1.481572628021,-1.371460914612,1.572055697441,2.233608722687,-1.199725389481,1.573044419289,-1.284167766571
433,0.523552894592,-0.512780427933,0.302235215902,-0.825671315193,1.097911357880,-1.579492092133,0.814757704735,0.397092372179,1.539740085602,0.350899904966
434,-0.568961679935,0.550128042698,-0.630861341953,1.818634986877,1.529785275459,1.583299517632,0.861017584801,-0.136772766709,0.117237560451,0.099289670587
435,-0.730231463909,0.754843235016,-1.329594135284,1.253097295761,0.652984321117,1.577824711800,0.601749956608,4.707059860229,1.210196256638,0.141964927316
436,-0.443551450968,0.496371448040,0.361371546984,0.993825078011,-1.005256891251,1.570201992989,0.699220955372,0.350567132235,1.556697249413,-1.131015896797
437,-0.570961534977,0.597085297108,-1.148084402084,0.966920495033,-1.189489603043,1.566201806068,0.591277182102,1.571076750755,1.257157683372,-0.141175270081
438,-0.647152841091,0.644702136517,-0.423818886280,1.779376626015,-1.298310637474,1.567520856857,0.946447253227,-0.074521578848,1.598647117615,-1.250341296196
439,0.263497084379,1.023148417473,0.808986902237,-0.185954645276,2.235740900040,0.247595384717,0.177807971835,-0.473673582077,1.016994476318,0.170551121235
440,-0.726810157299,0.735140979290,-1.441422343254,1.385979652405,4.291466712952,1.574813127518,0.682139754295,1.590973496437,1.257523298264,0.107926853001
441,-0.533490836620,0.536863207817,-1.069449543953,1.064687848091,-1.304924607277,1.570606350899,2.588622570038,1.574514985085,1.898977875710,-1.527375936508
442,-0.607282996178,0.592379152775,0.247412785888,1.175540685654,-1.201850771904,1.573061585426,0.715733349323,0.175140678883,1.557544112206,-1.257959365845
443,-0.704482078552,0.813031136990,0.400179654360,1.213595032692,-0.373664200306,1.551279544830,0.402447640896,0.247456818819,0.814484536648,-1.239026784897
444,-0.556459009647,0.603200256824,-0.305307835340,1.686180830002,0.975144565105,1.564558744431,-0.582325875759,1.314864516258,0.197978392243,0.145261108875
445,-0.634451389313,0.650148630142,0.293486744165,1.238342523575,-1.302368998528,1.564109802246,0.675950169563,0.157457426190,1.603231430054,-1.218878149986
446,-0.492050647736,0.515063524246,0.318740516901,1.050445318222,-1.038559198380,1.574170351028,2.356989145279,2.056909799576,1.563904762268,-1.072632431984
447,0.237751245499,0.564396381378,0.308566629887,0.934300899506,1.181761384010,0.301827967167,0.436673700809,0.433277457952,0.151896774769,0.162221178412
448,-0.696698844433,0.708230078220,-1.290115356445,1.254350900650,0.846061766148,1.579398989677,0.602390348911,-1.584787726402,4.374807357788,-3.027409553528
449,-0.517906248569,0.551361501217,0.297317445278,1.126720309258,-0.859056949615,1.576996207237,0.698369681835,0.320034325123,1.548680901527,-1.288699030876
450,-0.454750120640,0.495834708214,0.481140762568,1.004284381866,1.334169864655,1.574272513390,0.721623361111,0.255939304829,0.139766737819,0.122713781893
451,0.673959851265,-0.687398731709,-1.404368877411,1.240189909935,-0.937008857727,1.566488742828,2.218913555145,-1.559994101524,1.249784708023,-3.311324596405
452,-0.588777363300,0.639807462692,0.346255213022,1.197737693787,-1.263414025307,1.565155506134,0.714023113251,0.302898705006,1.555242657661,-1.189364433289
453,-0.544253051281,0.527323365211,-0.979027509689,1.190063595772,-3.965522527695,1.572512269020,2.541221141815,1.571130990982,1.885984182358,-1.744546771049
454,-0.686572551727,0.654176235199,0.247258573771,1.485541224480,-1.039082765579,1.548892617226,-0.913903832436,-1.168973922729,1.593987822533,-1.319597363472
455,-0.709802389145,0.698538362980,-1.244277238846,1.261120796204,-0.551097691059,1.573810815811,-0.605001032352,1.571355819702,0.364107280970,-0.118021644652
456,-0.559710800648,0.562314569950,-1.041666746140,1.133258938789,0.769147574902,1.585381269455,-0.656079471111,1.582598686218,0.304385244846,0.096846565604
457,-0.674583494663,0.656939148903,-1.171918988228,1.141918420792,-0.517765760422,1.575276136398,-0.647621333599,1.561595916748,0.413282930851,-0.161863923073
458,-0.657230556011,0.693495094776,0.302502989769,1.339497208595,-1.307709813118,1.578289747238,0.737615048885,0.326615929604,1.525586128235,-1.233278393745
459,-0.515613973141,0.512646138668,0.265266209841,1.323218464851,-0.781571805477,1.530309915543,0.656566143036,0.422175139189,1.572631478310,-1.338984251022
460,-0.556604981422,0.561928868294,-0.109705120325,1.253855466843,-1.109724402428,1.573412060738,1.062623620033,-0.081879876554,1.570794105530,-1.277757525444
461,-0.617812693119,0.626951575279,-1.246666550636,1.193091630936,-1.815566062927,1.569129586220,0.604417264462,-1.579248666763,1.250340819359,-0.087709985673
462,-0.532090961933,0.501677989960,-0.371124446392,0.949070990086,-1.075049757957,1.571658730507,0.807467758656,1.225979447365,1.561448335648,-0.326591372490
463,-0.398581236601,0.454988867044,0.227525696158,0.848160803318,-0.822620093822,1.570662379265,0.729361295700,0.344566106796,1.557536959648,-1.228471159935
464,-0.623260915279,0.517233967781,0.214372724295,3.417460680008,2.708555698395,1.564567565918,-1.044922471046,0.361313343048,0.227170988917,1.717523097992
465,-0.428413152695,0.448677897453,0.383054465055,1.090326547623,-0.377940416336,1.578763127327,0.660378277302,0.279093384743,1.436955928802,-1.297827482224
466,-0.581940829754,0.571010887623,-1.127271413803,1.200639724731,3.046394824982,1.573266863823,-0.628305077553,1.565695285797,0.300062447786,0.115405581892
467,-0.431601941586,0.528448820114,0.445919245481,1.003662347794,-0.968882858753,1.569717526436,0.661910533905,0.331559807062,1.549807667732,-1.144244670868
468,-0.620633840561,0.591623485088,-1.075545668602,1.062284588814,-0.317042797804,1.554730772972,-0.620739459991,1.552255868912,0.443150401115,-0.184200793505
469,-0.635471820831,0.617614150047,0.357024013996,1.211217403412,1.540619134903,1.560961484909,2.215839385986,-1.336856484413,0.157747700810,0.145996809006
470,0.610913813114,-0.763985514641,0.202856153250,-0.588054239750,2.069333791733,1.612191438675,0.583123385906,0.438850045204,1.314073324203,0.199248030782
471,-0.663613557816,0.603780448437,0.207116082311,1.679112434387,-1.306392192841,1.544439196587,0.462976574898,0.536471605301,1.699560880661,-1.271145343781
472,-0.588408946991,0.506804645061,-0.549997031689,1.229155063629,-1.212875962257,1.542432308197,-0.623464226723,2.094769716263,1.558470845222,-1.210472941399
473,-0.729876816273,0.701283752918,0.380021482706,-1.128458380699,-1.529481887817,1.568402051926,-0.802064418793,0.241100832820,1.366123199463,-0.132532179356
474,-0.598385274410,0.602035224438,-1.232639789581,1.176912903786,-0.882662832737,1.572132706642,-2.390675306320,1.564785599709,1.200712323189,-0.099352419376
475,-0.709135234356,0.793198525906,-0.135309070349,1.505000591278,-1.188826799393,1.570221781731,-0.401560872793,1.219573378563,1.552176475525,-1.236229896545
476,0.200946182013,0.470003724098,0.280966430902,0.873252928257,2.308839321136,0.312464684248,0.430782735348,0.376521199942,0.169784411788,0.135345876217
477,-0.565584778786,0.537126839161,0.259733796120,1.227553606033,-0.905678451061,1.583596587181,0.700138032436,0.322322785854,1.563684582710,-1.295315861702
478,-0.475473105907,0.542401432991,0.303768068552,1.064127326012,-1.008230566978,1.576403260231,0.688887000084,0.363180339336,1.565505504608,-1.255893588066
479,-0.680381000042,0.683910250664,-1.355766057968,1.361643791199,-5.870658397675,1.570739746094,3.717238664627,-1.585126996040,2.836960554123,-4.623772621155
480,-0.395357519388,0.454527825117,0.347789108753,-2.982135772705,0.962223231792,1.564994215965,0.662285864353,4.947736263275,-1.344351649284,-6.178424358368
481,-0.424565076828,0.460863828659,0.305518805981,0.910886168480,-0.861550152302,1.577661395073,0.761664807796,0.352594345808,1.565129041672,-1.228317975998
482,-0.462254703045,0.557784140110,0.380847573280,3.930011987686,-4.032861709595,1.551373004913,6.878218173981,-1.345621109009,1.498949408531,-3.357148408890
483,-0.449503064156,0.612185001373,-0.182304069400,1.026875734329,-2.115081787109,1.571232795715,2.801840066910,1.087377548218,0.161729440093,-0.148107305169
484,-0.499141305685,0.465110808611,-0.528648436069,-0.950747787952,0.905391752720,-1.559167027473,0.817314803600,-0.378557175398,1.591548085213,-1.972324728966
485,-0.479372411966,0.527318656445,0.418618172407,1.014277458191,-1.046527743340,1.561270713806,0.703631520271,0.206585645676,1.588799715042,-1.259795069695
486,-0.616603016853,0.585622012615,0.145632609725,1.281164884567,-1.160216212273,1.562710285187,0.612018525600,0.342632472515,1.575905680656,-1.269928455353
487,-0.686695218086,0.722681879997,-0.190605625510,1.436177253723,-1.040975093842,1.579436421394,-0.479083776474,1.340848445892,1.555501818657,-1.269839167595
488,0.180368393660,0.480269163847,0.328051954508,0.815902709961,-0.090134561062,0.337275505066,0.390036582947,0.411318510771,0.645462870598,-0.510981023312
489,-0.233615875244,-0.560670495033,-0.287559568882,2.384105205536,0.124955177307,-0.271990597248,-0.380628973246,1.142542004585,-2.586117267609,0.876311600208
490,-0.589787781239,0.602044999599,-0.101186901331,1.121706724167,-1.246450304985,1.572018980980,0.967369794846,1.201462864876,1.586225032806,-0.304481625557
491,-0.703455150127,0.703283369541,-1.414682984352,1.367459535599,1.083842754364,1.580554842949,0.699810802937,1.577657341957,-0.398604214191,-1.482172012329
492,-0.656513333321,0.677097380161,-0.141225934029,1.591916084290,-1.288066148758,1.565798997879,1.043920636177,-0.168707266450,1.598154544830,-1.244677543640
493,0.627275347710,-0.616679728031,-1.267990946770,1.157606244087,0.758157610893,1.562565565109,-0.982379734516,-1.556269884109,2.716320753098,-1.394625186920
494,-0.674283921719,0.673661828041,-1.466789245605,1.263988852501,0.082483835518,1.574667572975,0.630663454533,1.587417244911,2.002776622772,-0.748707771301
495,0.204386904836,0.507400572300,0.323524117470,0.555426776409,1.206124186516,0.305879980326,0.341441214085,0.461052000523,0.247535005212,0.146305397153
496,0.120661847293,0.670622706413,-0.558934509754,1.794758796692,1.996583819389,-2.604059696198,1.588766813278,0.729305982590,-1.479182720184,0.177713483572
497,-0.458680152893,0.497984558344,0.255573362112,0.959012746811,-0.968774795532,1.567435026169,0.755615592003,0.323516875505,1.561333775520,-1.257830142975
498,0.713968336582,-0.715913534164,3.067248582840,2.897114753723,-2.747646331787,-1.572883725166,0.773184180260,0.216929197311,1.595335125923,2.900254011154
499,-0.542581975460,0.535390853882,2.147964000702,1.101152896881,-1.037864327431,1.577089190483,0.796473264694,0.295262038708,1.560309886932,-1.286526679993
